SMILES,C1,C2
CCCCCCO,1.559,31.22779999999998
*CC1CC1CO,0.5824,23.48979999999999
OCCCCCO,0.14130000000000004,28.022599999999986
CCCCCO,1.1689,26.61079999999999
CCC(=O)CO,-0.04219999999999996,22.383799999999994
CC(O)C(C)O,-0.252,23.361599999999996
O=C(O)CCCO,-0.15650000000000003,23.955599999999993
CCCCCC(=O)O,1.6513,31.777799999999985
CCCCCO,1.1689,26.61079999999999
COC(O)CCC=O,-0.06970000000000004,28.313799999999986
*CCCCCO,1.1166,25.743799999999986
*CCCCC,2.1441999999999997,24.33199999999999
COCCC(=O)O,0.10750000000000015,24.12879999999999
CCCCCCC,2.976700000000002,34.432999999999986
CCC(=O)CC(C)O,0.7363999999999999,31.595799999999983
CCCCCO,1.1689,26.61079999999999
O=C(O)CCCO,-0.15650000000000003,23.955599999999993
O=CCOCCC(=O)O,-0.3234000000000002,29.135799999999985
CCCCC(=O)O,1.2612,27.160799999999988
CCCCCC=O,1.7656,30.20599999999998
OCCCCCO,0.14130000000000004,28.022599999999986
CCCCCN,1.1353000000000002,28.579399999999985
CCCCCC,2.5866000000000007,29.81599999999998
CCCCCCCO,1.9491,35.84479999999999
*C(O)C(C)O,-0.7651000000000001,17.6876
OCCCCO,-0.24880000000000008,23.405599999999993
CCCCCO,1.1689,26.61079999999999
CC(O)CCO,-0.25039999999999996,23.383599999999994
*CC(=O)CCC,1.3232,24.721999999999987
CCCC(O)O,0.09719999999999995,23.13359999999999
CCCCCO,1.1689,26.61079999999999
O=C(O)CCCO,-0.15650000000000003,23.955599999999993
*CCCCCCO,1.5067,30.360799999999983
*CCCC(=O)O,0.8188,21.676799999999993
CCCCCCCO,1.9491,35.84479999999999
CCC1CC1O,0.7771999999999999,24.40479999999999
CCCCCN,1.1353000000000002,28.579399999999985
CCCC(C)O,1.1673,26.58879999999999
CCCCCO,1.1689,26.61079999999999
CCCCC(=O)OC,1.3496,31.540999999999983
*CCCCCO,1.1166,25.743799999999986
CCCCCO,1.1689,26.610799999999987
OCCOCCO,-1.0124,24.99059999999999
*C(=O)OCCC(=O)O,0.14699999999999996,23.600799999999996
O=CNC(=O)CO,-1.7487000000000001,21.292499999999997
CCCCCO,1.1689,26.61079999999999
CCCC(C)O,1.1673,26.58879999999999
CC(=O)CCO,-0.04219999999999996,22.383799999999994
CCCCCCC,2.976700000000002,34.432999999999986
CCCCC=O,1.3755,25.588999999999988
OCCCCCO,0.14130000000000004,28.022599999999986
CCCCC(N)O,0.45370000000000016,29.71919999999999
O=CC(=O)CCCOO,0.024199999999999944,28.88579999999999
O=CNCCCO,-0.8852,25.76949999999999
O=CCCCO,-0.04219999999999996,22.383799999999994
CCOCCC(O)O,-0.2763,29.335599999999985
*C(=O)C1(C)OC(=O)C1O,-1.2613,25.510799999999993
OCCCCO,-0.24880000000000008,23.405599999999993
OCCC(O)O,-1.3205000000000002,19.9284
OCCCCO,-0.24880000000000008,23.405599999999993
O=CCCCCO,0.34790000000000004,27.000799999999987
*CCCCCN,1.0830000000000002,27.712399999999988
*CC(O)CC,0.7248999999999999,21.104799999999997
CCCCCO,1.1689,26.61079999999999
CC(O)C(C)CO,-0.0043999999999999595,27.930599999999988
OCCCCO,-0.24880000000000008,23.405599999999993
CC(=O)CCCO,0.34790000000000004,27.000799999999987
CCCCC(O)CO,0.5298,32.61759999999998
*CNCCC,0.49279999999999996,23.160699999999995
CCCC(O)CO,0.13969999999999994,28.000599999999988
CCCCCO,1.1689,26.61079999999999
O=COCCOCO,-0.8741999999999999,25.05379999999999
CCC(=O)C(C)O,0.3463,26.978799999999985
*C(N)CCCO,-0.4070000000000002,24.29519999999999
CC(=O)CCO,-0.04219999999999996,22.383799999999994
*CCCCN,0.6929000000000001,23.09539999999999
CCCNCC,1.0059,28.834699999999987
CCCC(=O)O,0.8711,22.54379999999999
OCCCC(O)CCO,-0.4978000000000002,34.02939999999999
*CCCCCC,2.534300000000001,28.948999999999984
CCCCCN,1.1353000000000002,28.579399999999985
CCNC(N)O,-1.1694999999999998,23.870900000000002
CCCCCC(=O)O,1.6513,31.777799999999985
OCC1OCC1O,-1.2616,22.832599999999992
CCC(O)C(=O)OC,-0.0697000000000001,28.313799999999986
CCCC(=O)CC(=O)O,0.8303,32.167799999999986
O=CCCCCCO,0.738,31.617799999999985
COC(=O)C(C)O,-0.4598000000000002,23.696799999999993
CCCCCO,1.1689,26.610799999999987
CCCCCC=O,1.7656,30.20599999999998
CCCOCCO,0.40530000000000005,28.195799999999988
CCCCCO,1.1689,26.61079999999999
COC(=O)C(C)O,-0.4598000000000002,23.696799999999993
CCCC(C)C,2.442500000000001,29.74599999999998
NCC(N)CCO,-1.3452,28.732599999999998
*CCCCC,2.1441999999999997,24.33199999999999
OCCC(O)O,-1.3205000000000002,19.928399999999996
OCCCCO,-0.24880000000000008,23.405599999999993
*CCCCCO,1.1166,25.743799999999986
CCCC(O)O,0.09719999999999995,23.13359999999999
CCC(O)CCO,0.13970000000000005,28.000599999999988
CNC(C)CO,-0.41339999999999993,25.607499999999995
CCC(O)C(=O)O,-0.15810000000000002,23.933599999999995
CCCCCC,2.5866000000000007,29.81599999999998
CCC(C)CN,0.9912000000000001,28.509399999999985
OCCCCO,-0.24880000000000008,23.405599999999993
CCCCCO,1.1689,26.61079999999999
CCCCCO,1.1689,26.610799999999987
*CCC(C)CO,0.9724999999999999,25.67379999999999
O=CCCCOC=O,0.13850000000000007,27.313999999999986
CCC(O)CCO,0.13970000000000005,28.000599999999988
OCCCC(O)O,-0.9304000000000001,24.54539999999999
*CCCCN,0.6929000000000001,23.09539999999999
CCC(O)(O)CO,-0.9304000000000001,24.545399999999994
COC(=O)CCO,-0.4582000000000001,23.71879999999999
CCC(=O)OCO,-0.11060000000000003,23.46879999999999
*CCCCCO,1.1166,25.743799999999986
O=CCCCO,-0.04219999999999996,22.383799999999994
CCCCC(O)O,0.48729999999999996,27.750599999999984
CCCCCO,1.1689,26.61079999999999
CCCC(O)CC,1.5574,31.205799999999982
CCC(=O)CCCO,0.738,31.61779999999998
OCCCCO,-0.24880000000000008,23.405599999999993
CCC1CC1O,0.7771999999999999,24.40479999999999
CCC1CC1N,0.7435999999999998,26.37339999999999
*CC(O)C(N)O,-1.4080000000000004,21.007999999999996
OCCCCO,-0.24880000000000008,23.405599999999993
CCCCCO,1.1689,26.610799999999987
OCCC(O)O,-1.3205000000000002,19.928399999999996
O=CCCCO,-0.04219999999999996,22.383799999999994
*C(O)NCCC,-0.18879999999999997,24.300499999999996
*CCCC(=O)O,0.8188,21.676799999999993
CCCNC=O,0.14239999999999986,24.35769999999999
CCOC(O)CN,-0.7000000000000002,26.68719999999999
OCCCCO,-0.24880000000000008,23.405599999999993
CCC(O)CCCO,0.5298,32.61759999999998
*C(C)C(O)O,-0.3452000000000002,17.6496
CCC1CC1O,0.7772,24.40479999999999
O=CCCCCO,0.34790000000000004,27.000799999999987
CC(O)CCN,-0.2839999999999999,25.352199999999996
CC(N)C(=O)O,-0.5817999999999999,21.285200000000003
O=CCCCCO,0.34790000000000004,27.000799999999987
O=C(O)CCC(=O)O,-0.06420000000000009,24.505599999999994
CC(O)CCO,-0.2503999999999999,23.383599999999994
CCCCCO,1.1689,26.610799999999987
CC(O)CCC(O)O,-0.5418999999999999,29.14039999999999
OCCCCCCO,0.5313999999999999,32.63959999999998
CCCCCCO,1.559,31.22779999999998
CCNC(O)CO,-1.0934,26.769299999999994
CC(=O)CCN,-0.07579999999999976,24.352399999999996
CCCCC=O,1.3755,25.588999999999988
CCC(O)CO,-0.25039999999999996,23.383599999999994
*CCC(C)O,0.7248999999999999,21.104799999999997
*C(=O)CCCC,1.2525,24.53199999999999
CCCCCC,2.5866000000000007,29.81599999999998
*CCCC(=O)O,0.8188,21.676799999999993
CCCCCC,2.5866000000000007,29.81599999999998
OC1OC1(O)O,-2.0266,14.260399999999999
OCCCCCO,0.14130000000000004,28.022599999999986
O=CCCCCCO,0.738,31.61779999999998
OCC(O)CO,-1.6681000000000001,20.1784
*CNCCN,-0.9585000000000004,21.924099999999996
CC(=O)CCCC(O)O,0.056400000000000006,32.75759999999998
*CCCCCO,1.1166,25.743799999999986
CCCCCCC=O,2.1557000000000004,34.822999999999986
O=CCCCCO,0.3479,27.000799999999987
*CC(O)CC,0.7248999999999999,21.104799999999997
CCCCCO,1.1689,26.61079999999999
O=C(O)CCO,-0.5466,19.3386
O=CCOCCO,-0.8057999999999998,23.96879999999999
OCCCCO,-0.24880000000000008,23.405599999999993
CC(O)CC(=O)CC=O,-0.08459999999999995,31.985799999999983
CCC(O)CC=O,0.3463,26.978799999999985
CCC(O)CCC=O,0.7363999999999999,31.595799999999983
CCCCCC,2.5866000000000007,29.81599999999998
*CCC(O)CO,-0.30269999999999997,22.516599999999993
*CCC(C)CO,0.9724999999999999,25.67379999999999
COC(O)CO,-1.0565000000000002,20.1016
NC(=O)C(N)C=O,-2.0021000000000004,23.233800000000002
CCCC(O)O,0.09719999999999995,23.13359999999999
CCC(=O)C(N)O,-0.7574000000000001,25.492199999999997
CCCCCO,1.1689,26.61079999999999
CC(O)CCO,-0.2503999999999999,23.383599999999994
CCCC(O)CC=O,0.7363999999999999,31.595799999999983
CCCOCCO,0.40530000000000005,28.195799999999988
O=CCCCO,-0.04219999999999996,22.383799999999994
CCC(=O)OCCC(=O)O,0.41429999999999995,33.502799999999986
CCC(O)CO,-0.25039999999999996,23.383599999999994
*CC(O)CCCC,1.5050999999999999,30.338799999999985
*CCCCCO,1.1166,25.743799999999986
CCC(O)C(O)O,-0.9320000000000002,24.523399999999995
O=C(O)CCO,-0.5466,19.3386
O=CCCCO,-0.04219999999999996,22.383799999999994
CCCCC(O)OC,1.1414,32.54079999999998
CCC(O)CC,1.1673,26.58879999999999
CC(O)CCC(=O)O,0.23199999999999993,28.550599999999985
COC(=O)C(O)CO,-1.4874,25.108599999999992
O=C(O)CCCO,-0.15650000000000003,23.955599999999993
CCC(=O)C(O)CC,0.7363999999999999,31.595799999999983
CC(CO)C(=O)O,-0.3005999999999999,23.885599999999993
CCCCC=O,1.3755,25.588999999999988
CCCCCCO,1.559,31.22779999999998
CC(O)C(O)O,-1.3221,19.9064
OCCCCCO,0.14130000000000004,28.022599999999986
*CCCC(O)O,0.04489999999999994,22.26659999999999
CCCC(O)CO,0.13969999999999994,28.000599999999988
OCCCCO,-0.24880000000000008,23.405599999999993
OCCC(O)CO,-1.2780000000000002,24.795399999999994
OCCCCO,-0.24880000000000008,23.405599999999993
CCCCCO,1.1689,26.61079999999999
CCCC(=O)O,0.8711,22.54379999999999
CCCCCCO,1.559,31.22779999999998
OCCC(O)CO,-1.2780000000000002,24.795399999999994
CC(O)CCO,-0.25039999999999996,23.383599999999994
CC(O)C(=O)O,-0.5482,19.316599999999998
CCCCOCO,0.7528999999999999,27.945799999999984
CCCNCCO,-0.021700000000000164,30.246499999999987
*CCC(=O)OC,0.5170999999999999,21.43999999999999
CCC(O)C(O)O,-0.9320000000000004,24.52339999999999
CC(C)CCCO,1.4149,31.15779999999998
CCCCC(C)O,1.5574,31.205799999999982
CCCOC(C)O,0.7513000000000001,27.92379999999999
*CCCCCO,1.1166,25.743799999999986
O=C(O)C(O)O,-1.6182999999999998,15.8614
CCC(=O)CC,1.3755,25.588999999999988
*CCCC(O)O,0.04489999999999994,22.26659999999999
O=C1CCCNO1,-0.17200000000000015,23.328699999999994
CC(O)CCCO,0.1397,28.000599999999988
OC1CNC1O,-1.7310999999999999,20.0163
CC(O)C(O)CO,-1.2796,24.77339999999999
CCCCC(O)O,0.48729999999999996,27.750599999999984
CCCCCC,2.5866000000000007,29.81599999999998
CCCCCC,2.5866000000000007,29.81599999999998
CCC(C)C(O)O,0.3432,27.680599999999988
O=C(O)CCO,-0.5466,19.3386
CCCCCO,1.1689,26.61079999999999
CCC(=O)CCCF,1.7152,30.506999999999984
CCCCCC,2.5866000000000007,29.81599999999998
CCCCC(C)O,1.5574,31.205799999999982
*C(O)C(C)C(=O)O,-0.42519999999999997,22.806599999999992
*CCC(C)O,0.7248999999999999,21.104799999999997
O=CC(=O)CCCF,0.5040999999999999,26.27999999999999
O=C(O)CCCO,-0.15650000000000003,23.955599999999993
CCCCCCO,1.559,31.22779999999998
OCCC1OC1O,-0.9140000000000001,22.582599999999992
*C(=O)CCCCC,1.6426,29.148999999999983
CCC(O)CO,-0.25039999999999996,23.383599999999994
CC(CO)CO,-0.3929,23.335599999999996
O=CCCCO,-0.04219999999999996,22.383799999999994
CCCO,0.3887,17.376800000000003
CCCCCC,2.5866000000000007,29.81599999999998
NC(N)C(N)O,-2.4930000000000003,22.357000000000006
O=CCCCO,-0.04219999999999996,22.383799999999994
CCCCCCCC,3.3668000000000022,39.05
*CCCC(O)CC,1.5050999999999999,30.338799999999985
CCCC(O)C=O,0.3463,26.978799999999985
CCC(O)CO,-0.25039999999999996,23.383599999999994
O=CCCCO,-0.04219999999999996,22.383799999999994
CCCC(O)O,0.09720000000000006,23.133599999999994
C=C(OC)C(C)O,0.5273,27.829799999999988
CCC1OCC1C,1.4313,29.194999999999986
CCOCC=O,0.2218,22.55699999999999
OCCCCCCO,0.5313999999999999,32.63959999999998
O=C(O)C(O)CCO,-1.1857,25.345399999999994
CC(C)C(=O)O,0.7270000000000001,22.47379999999999
C=C(O)C(C)O,0.43889999999999996,23.449599999999993
CC(O)C(O)O,-1.3221000000000005,19.906399999999994
CCCC(N)O,0.06359999999999966,25.10219999999999
O=C(O)C(O)CO,-1.5757999999999999,20.728399999999997
CCC(O)CC,1.1673,26.58879999999999
OCCC(O)O,-1.3205000000000002,19.9284
O=CCCCCCF,1.7152,30.506999999999984
*CCCCCC,2.534300000000001,28.948999999999984
O=CCCCCO,0.34790000000000004,27.000799999999987
CCCCC(O)O,0.4872999999999999,27.750599999999988
CCNCCO,-0.41180000000000017,25.62949999999999
CCCCCCO,1.559,31.22779999999998
CCCCCN,1.1353,28.57939999999999
OCCCCCO,0.14130000000000004,28.022599999999986
CC(O)CCO,-0.2503999999999999,23.383599999999994
CCOC(O)CC=O,-0.06970000000000004,28.313799999999986
CCCCCC,2.5866000000000007,29.81599999999998
CC(O)C(O)CO,-1.2796,24.773399999999995
CC(O)C(=O)O,-0.5482,19.316599999999998
NCCCCC=O,0.31430000000000013,28.96939999999999
CCCCCC(=O)O,1.6513,31.77779999999998
*C(=O)C(N)CC,-0.20040000000000002,23.273399999999995
*CCCCO,0.7264999999999999,21.126799999999996
O=CCOCCO,-0.8057999999999998,23.96879999999999
O=C(O)CCCO,-0.15650000000000003,23.955599999999993
CCC1CC1CO,1.0248,28.973799999999986
O=C(CO)CO,-1.4599000000000002,19.1786
CCCCCO,1.1689,26.61079999999999
OCC(O)CCF,-0.30079999999999996,23.684599999999993
CC(=O)CCO,-0.04219999999999996,22.383799999999994
COC(=O)C(O)CO,-1.4874,25.108599999999992
*CCCC(C)C,2.3902,28.878999999999984
CCCCC(O)O,0.4872999999999999,27.750599999999988
CC(O)CCCO,0.13970000000000005,28.000599999999988
CCCC(O)O,0.09720000000000006,23.133599999999994
CC(CO)CO,-0.3929,23.335599999999996
CCCOCCO,0.40530000000000005,28.195799999999988
COC(=O)C(O)O,-1.5299,20.2416
O=CCCCCO,0.34790000000000004,27.000799999999987
COC(O)CO,-1.0565000000000002,20.1016
CCC(C)CO,1.0248,26.54079999999999
*C(O)C(O)CC,-0.375,22.304599999999997
CCCCCCO,1.559,31.22779999999998
CCCCCCO,1.559,31.22779999999998
CC(=O)CCC(C)O,0.7363999999999999,31.595799999999983
CCCCCC(=O)O,1.6513,31.777799999999985
CCCCCC,2.5866000000000007,29.81599999999998
OCCCC(O)O,-0.9304000000000001,24.54539999999999
*CC(O)C(=O)CC,0.294,26.111799999999988
OCCCCCO,0.14130000000000004,28.022599999999986
OCCCCO,-0.24880000000000008,23.405599999999993
CC(O)CCO,-0.2504000000000002,23.383599999999994
OCCCCO,-0.24880000000000008,23.405599999999993
CCCCCO,1.1689,26.61079999999999
NCCOCC=O,-0.8393999999999999,25.937399999999993
CCCC(=O)O,0.8711,22.54379999999999
O=CCCNC=O,-0.6786000000000001,24.74769999999999
CCCCCC,2.5866000000000007,29.81599999999998
CCCC(=O)O,0.8711,22.54379999999999
CCCC(C)O,1.1673,26.58879999999999
O=CCCCCO,0.34790000000000004,27.000799999999987
OCCOCCO,-1.0124,24.99059999999999
COC(=O)C(C)O,-0.4598000000000002,23.696799999999993
O=C1OCOOC1=O,-1.0245000000000002,18.135999999999996
CCC(O)C(O)CO,-0.8895000000000002,29.39039999999999
COC(O)C(C)O,-0.6680000000000001,24.696599999999993
COCCCO,0.015200000000000047,23.578799999999994
CCC(=O)CCO,0.34790000000000004,27.000799999999987
CCCCCO,1.1689,26.61079999999999
*C(O)C(C)CO,-0.5175000000000001,22.256599999999995
CC(O)CCCO,0.1397,28.000599999999988
CCC(=O)CO,-0.04219999999999996,22.383799999999994
OCCCCO,-0.24880000000000008,23.405599999999993
CCCC(N)O,0.06359999999999966,25.10219999999999
CCC(O)CO,-0.25039999999999996,23.383599999999994
CCCCCO,1.1689,26.61079999999999
O=C(CO)CCF,-0.09260000000000002,22.684799999999992
NCCCCO,-0.28239999999999993,25.37419999999999
CC(O)CCO,-0.2504000000000002,23.383599999999994
O=C(O)CC(=O)C(=O)O,-0.8852000000000002,24.895599999999995
CCCCC(=O)O,1.2612,27.160799999999988
*CCC(O)CC,1.115,25.72179999999999
CCCCCO,1.1689,26.61079999999999
CCCC(C)=O,1.3755,25.588999999999988
CCCC(C)O,1.1673,26.58879999999999
CCCCC(=O)O,1.2612,27.160799999999988
CCCCC=O,1.3755,25.588999999999988
COC1CC1C,1.0412,24.57799999999999
COC(C)CO,0.013600000000000001,23.556799999999992
CC(O)C(=O)O,-0.5482,19.316599999999998
*CCCCC=O,1.3232,24.721999999999987
*CNCCC,0.49279999999999996,23.160699999999995
CC(O)CC(O)O,-0.9320000000000002,24.523399999999995
CNCCCO,-0.4118000000000001,25.629499999999993
OCCCC(O)O,-0.9304000000000001,24.54539999999999
O=CCCCO,-0.04219999999999996,22.383799999999994
O=C(CO)CCCO,-0.6797,28.412599999999987
CCCC(O)CCO,0.5298,32.61759999999998
CC(O)CCCO,0.1397,28.000599999999988
OCCC(O)CO,-1.2780000000000002,24.795399999999994
C=C(O)C(O)CO,-0.5887,24.861399999999993
CCC(=O)CO,-0.04219999999999996,22.383799999999994
O=C(O)CCCO,-0.15650000000000003,23.955599999999993
CC(O)C(O)CO,-1.2796,24.773399999999995
COC(O)C(C)=O,-0.4598000000000002,23.696799999999993
O=C(O)CCCO,-0.15650000000000003,23.955599999999993
CCCCC(=O)O,1.2612,27.160799999999988
CCCCC(O)O,0.4872999999999999,27.750599999999988
O=COCCCCCCO,0.7121,37.569799999999994
CCCCCO,1.1689,26.61079999999999
COC(O)CO,-1.0565000000000002,20.1016
CCC(=O)C(C)CO,0.5939000000000001,31.54779999999998
OCCC(O)O,-1.3205000000000002,19.928399999999996
CCCC(=O)CC,1.7656,30.20599999999998
CCCC(O)C(=O)O,0.23199999999999998,28.550599999999985
O=CCCCOCO,-0.0681,28.335799999999985
OCCCC(O)O,-0.9304000000000001,24.545399999999994
*C(O)C(=O)OC,-0.9729000000000001,18.0228
*CCCCCO,1.1166,25.743799999999986
CCCC(O)CC,1.5574,31.205799999999982
*CCCCO,0.7264999999999999,21.126799999999996
O=C(O)C(=O)CCO,-0.9775,24.345599999999994
O=C(O)CO,-0.9367000000000001,14.7216
CCCCC(=O)OC,1.3496,31.540999999999983
CCC(O)CO,-0.25039999999999996,23.383599999999994
OCCCCO,-0.24880000000000008,23.405599999999993
OCCCCO,-0.24880000000000008,23.405599999999993
CCCCCC,2.5866000000000007,29.81599999999998
O=C(O)CCO,-0.5466,19.3386
CC(O)C(O)CO,-1.2796,24.77339999999999
CCC(O)CO,-0.25039999999999996,23.383599999999994
CCCCCO,1.1689,26.61079999999999
CCCC(=O)OC,0.9594999999999999,26.923999999999985
*CCCCCO,1.1166,25.743799999999986
*CC1OC1(C)CC,1.5215,28.375999999999983
*CCCC(=O)O,0.8188,21.676799999999993
O=CCCCCO,0.34790000000000004,27.000799999999987
O=CCCCCO,0.34790000000000004,27.000799999999987
CCC(O)C(C)O,0.1381,27.97859999999999
*C(O)C(C)O,-0.7651000000000001,17.6876
CCCC(O)CO,0.13970000000000005,28.000599999999988
O=C(O)CCCO,-0.15649999999999992,23.955599999999993
*CCC(O)CO,-0.30269999999999997,22.516599999999993
CCCC(=O)CC,1.7656,30.20599999999998
CCC(O)CC,1.1673,26.58879999999999
CCC(O)CO,-0.25039999999999996,23.383599999999994
CC(O)CCO,-0.2503999999999999,23.383599999999994
CCCCCCO,1.559,31.22779999999998
CCC(=O)C(=O)O,0.05009999999999981,22.933799999999994
CCCCOCC,1.823,31.400999999999982
CCCCCO,1.1689,26.61079999999999
CC1CC1CO,0.6347,24.35679999999999
*CC(O)(O)O,-1.4153,14.1944
CCCCCCO,1.559,31.22779999999998
O=C(O)CCCO,-0.15650000000000003,23.955599999999993
CCC(O)CC,1.1673,26.58879999999999
*CCCCCO,1.1166,25.743799999999986
CCCCCC,2.5866000000000007,29.81599999999998
CCC(O)CC,1.1673,26.58879999999999
O=C(O)CCCO,-0.15650000000000003,23.955599999999993
CCCCCO,1.1689,26.61079999999999
C=C(O)C(C)O,0.4388999999999999,23.449599999999993
CCCCCC=O,1.7656,30.20599999999998
CCC(O)C(=O)O,-0.15810000000000002,23.933599999999995
CNCCCN,-0.4454000000000002,27.598099999999995
OCCCCO,-0.24880000000000008,23.405599999999993
CC(O)CCO,-0.25039999999999996,23.383599999999994
CCC(O)CCO,0.1397,28.000599999999988
CC(O)CCO,-0.25039999999999996,23.383599999999994
CCC(N)CO,-0.2840000000000001,25.352199999999996
CCCC(=O)CC(O)O,0.056400000000000006,32.75759999999998
CCC(=O)C(O)O,-0.7238,23.523599999999995
CCCC(N)O,0.06359999999999966,25.10219999999999
O=CCCCO,-0.04219999999999996,22.383799999999994
CC(O)C(=O)O,-0.5482,19.316599999999998
O=COC(O)C(O)O,-2.2115,21.3814
*CC(O)CC,0.7248999999999999,21.104799999999997
CCCCCCO,1.559,31.22779999999998
*CCCCCCO,1.5067,30.360799999999983
O=CCCCCO,0.34790000000000004,27.000799999999987
CCCCO,0.7787999999999999,21.993799999999997
O=CCCCO,-0.04219999999999996,22.383799999999994
OCCCC(O)O,-0.9304000000000001,24.54539999999999
O=C(CO)OCCO,-1.4858000000000002,25.13059999999999
CCC(C)C(=O)O,1.1171,27.090799999999987
O=CCCCCCF,1.7152,30.506999999999984
CCCCC=O,1.3755,25.588999999999988
CCCCC(=O)O,1.2612,27.160799999999988
CCCCC(=O)O,1.2612,27.160799999999988
CC(O)CCO,-0.25039999999999996,23.383599999999994
OCCCCO,-0.24880000000000008,23.405599999999993
O=C(O)CCO,-0.5466,19.3386
NCCCCO,-0.28239999999999993,25.37419999999999
CCC(=O)CO,-0.04219999999999996,22.383799999999994
NCCCCO,-0.28239999999999993,25.37419999999999
CC(O)CCO,-0.25039999999999996,23.383599999999994
CCC(O)CCO,0.13970000000000005,28.000599999999988
CNC1CC1C,0.6141999999999999,26.628699999999988
CC(O)CCCO,0.1397,28.000599999999988
OCCC(O)CO,-1.2780000000000002,24.795399999999994
CCCCCO,1.1689,26.610799999999987
CCCCC(C)O,1.5574,31.205799999999982
O=C(O)CCO,-0.5466,19.3386
CCC(O)CN,-0.28400000000000025,25.35219999999999
CCC(O)C(O)O,-0.9320000000000002,24.523399999999995
CCC(O)CO,-0.25039999999999996,23.383599999999994
OCCCCCO,0.14130000000000004,28.022599999999986
CCCC(=O)O,0.8711,22.54379999999999
CCC(O)C(O)O,-0.9320000000000002,24.523399999999995
O=C(O)CCO,-0.5466,19.3386
CCC(O)C(N)O,-0.9656,26.491999999999997
O=CCCCC(=O)CO,-0.08300000000000002,32.00779999999999
CCCCCN,1.1353000000000002,28.579399999999985
*CCC(C)C,2.0000999999999998,24.26199999999999
CCC1CC1(C)O,1.1673,29.021799999999985
CCCCCC,2.5866000000000007,29.81599999999998
CCCC(C)O,1.1673,26.58879999999999
*CC(C)C(C)O,0.9708999999999999,25.65179999999999
CCCCCCO,1.559,31.22779999999998
CCCCCCO,1.559,31.22779999999998
CCCCC(C)O,1.5574,31.205799999999982
*CNCCC,0.49279999999999996,23.160699999999995
COCCC=O,0.2218,22.55699999999999
O=C(O)CCO,-0.5466,19.3386
CCCCCO,1.1689,26.610799999999987
OCC(O)CO,-1.6681000000000001,20.1784
CCCCC(O)O,0.48729999999999996,27.750599999999984
*CCCCCO,1.1166,25.743799999999986
CCNC=O,-0.24769999999999998,19.7407
CCC(O)C(O)O,-0.9320000000000002,24.523399999999995
CCCCCO,1.1689,26.61079999999999
CCCCCO,1.1689,26.61079999999999
COC(O)C=O,-0.8499000000000001,19.079799999999995
NCCCC(O)O,-0.9639999999999997,26.513999999999992
CCC(O)C(=O)O,-0.15810000000000002,23.933599999999995
CCC(=O)CCCCO,1.1281,36.23479999999999
CCCC(C)O,1.1673,26.58879999999999
CCC(O)CCO,0.13970000000000005,28.000599999999988
CCCC(=O)CO,0.3479000000000001,27.000799999999987
*C(O)C(O)CC,-0.375,22.304599999999997
CCCCC(O)O,0.48729999999999996,27.750599999999984
OCCCC(O)O,-0.9304000000000001,24.54539999999999
*CCCCO,0.7264999999999999,21.126799999999996
CCC(=O)C(O)C=O,-0.4747000000000001,27.36879999999999
NCCCCO,-0.28239999999999993,25.37419999999999
OCCCC(O)O,-0.9304000000000001,24.545399999999994
CCCCCN,1.1353,28.57939999999999
NC(=O)C(O)CO,-2.1751,22.286999999999995
CCCC(O)O,0.09719999999999995,23.13359999999999
CC(O)C(N)O,-1.3557000000000001,21.875000000000004
CCCC(C)=O,1.3755,25.588999999999988
OCCCCO,-0.24880000000000008,23.405599999999993
OCCOCCO,-1.0124,24.99059999999999
O=C(O)CCO,-0.5466,19.3386
CCC(N)CO,-0.2840000000000001,25.352199999999996
CC(O)CCO,-0.25039999999999996,23.383599999999994
CCCCC=O,1.3755,25.588999999999988
CCCC(O)CO,0.13969999999999994,28.000599999999988
OCC(O)C(O)O,-2.3497,21.318199999999994
*CCCCCO,1.1166,25.743799999999986
CC(O)C1CC1,0.7772,24.40479999999999
CCCCCC,2.5866000000000007,29.81599999999998
NCCCCCO,0.10770000000000002,29.99119999999999
CCCCCC,2.5866000000000007,29.81599999999998
CCCCCN,1.1353000000000002,28.579399999999985
CCCCCCCC(=O)O,2.4315000000000007,41.01180000000001
CCC(=O)C(C)O,0.3462999999999999,26.978799999999985
CCCCCC(C)O,1.9475,35.822799999999994
OCCCCOCCO,-0.23220000000000013,34.22459999999999
CCCCCO,1.1689,26.610799999999987
O=CCCCCO,0.34790000000000004,27.000799999999987
CCCCCC,2.5866000000000007,29.81599999999998
O=C(O)C(O)CCO,-1.1857,25.345399999999994
CCC(=O)CC,1.3755,25.588999999999988
O=CNCCO,-1.2753000000000003,21.152499999999996
CC(C)CCCO,1.4149,31.15779999999998
CCCCCO,1.1689,26.61079999999999
O=COCCCCO,-0.06810000000000005,28.335799999999985
OCCCCCO,0.14130000000000004,28.022599999999986
CCCCCO,1.1689,26.610799999999987
CC(O)C(=O)O,-0.5482,19.3166
OCCCCCCO,0.5313999999999999,32.63959999999998
CC(=O)CCO,-0.04219999999999996,22.383799999999994
*CCCCCO,1.1166,25.743799999999986
CC1CCC1C,2.0524,27.561999999999987
CC(O)C(O)O,-1.3221000000000005,19.906399999999994
O=C(CO)CCCF,0.2975000000000001,27.30179999999999
OCCC(O)CO,-1.2780000000000002,24.795399999999994
CCC(C)C(C)O,1.4133,31.135799999999982
CCOCCO,0.015200000000000047,23.578799999999994
O=CCCCO,-0.04219999999999996,22.383799999999994
O=CNCCO,-1.2753000000000003,21.152499999999996
CCCC(=O)CCO,0.738,31.61779999999998
O=CC(O)CO,-1.4615,19.156599999999997
CCCC(C)CO,1.4149,31.15779999999998
O=C(O)C(O)O,-1.6182999999999998,15.8614
CCCCCO,1.1689,26.61079999999999
CCCCCCC,2.976700000000002,34.432999999999986
CCCC(C)O,1.1673,26.58879999999999
CCC(O)CO,-0.25039999999999996,23.383599999999994
OCCCCO,-0.24880000000000008,23.405599999999993
CCC(O)CO,-0.25039999999999996,23.383599999999994
CC(O)C(O)O,-1.3221,19.9064
CC(O)CCCO,0.13970000000000005,28.000599999999988
CCC(O)CC,1.1673,26.58879999999999
CCCC(C)O,1.1673,26.58879999999999
CCCCCO,1.1689,26.61079999999999
CCCCCO,1.1689,26.610799999999987
O=CCCCC=O,0.5545,25.97899999999999
O=C(CO)CCO,-1.0698,23.795599999999993
*CCCCCN,1.0830000000000002,27.712399999999988
OC1CCCCC1,1.3114,29.091799999999985
CCCCCO,1.1689,26.610799999999987
*CC(O)CCO,-0.3027000000000002,22.516599999999993
CCCCCO,1.1689,26.610799999999987
CCC(O)CC,1.1673,26.58879999999999
CC1CC1CO,0.6347,24.356799999999993
CCOCCO,0.01519999999999988,23.57879999999999
CCC(C)CO,1.0248,26.54079999999999
CCCCCN,1.1353000000000002,28.579399999999985
CCCCC(=O)O,1.2612,27.160799999999988
O=C(O)CCO,-0.5466,19.3386
OCCCCO,-0.24880000000000008,23.405599999999993
CC(O)C(C)O,-0.252,23.361599999999996
OCCCCO,-0.24880000000000008,23.405599999999993
O=CCCC(=O)O,0.05009999999999998,22.933799999999994
CC(C)CCO,1.0248,26.54079999999999
O=CNCCO,-1.2753000000000003,21.152499999999996
CCCCCO,1.1689,26.61079999999999
CCCC(C)C,2.442500000000001,29.74599999999998
*CCCC(O)CO,0.08739999999999992,27.133599999999987
OCCCCCO,0.14130000000000004,28.022599999999986
O=CCCCO,-0.04219999999999996,22.383799999999994
O=CCCCCCO,0.738,31.617799999999985
O=C(O)CCCO,-0.15650000000000003,23.955599999999993
COC(=O)C(C)O,-0.45980000000000015,23.696799999999993
NCCC(N)=O,-1.1795,22.8658
CCCCCCO,1.559,31.22779999999998
*C(O)C(=O)CCO,-1.1944000000000001,22.716599999999996
CCCCC=O,1.3755,25.588999999999988
CC(C)CCCO,1.4149,31.15779999999998
CCC(=O)C(C)O,0.3463,26.978799999999985
O=C(O)CCCCCO,0.6236999999999999,33.189599999999984
CCCNC(=O)O,0.6639999999999999,26.31849999999999
O=C(O)CCCO,-0.15650000000000003,23.955599999999993
OC1CCCOC1,0.15769999999999995,26.05979999999999
CCCCCO,1.1689,26.610799999999987
CC(N)C(=O)O,-0.5817999999999999,21.285200000000003
O=CC(O)C=O,-1.2549000000000001,18.1348
O=C(O)CCO,-0.5466,19.3386
CCCCCO,1.1689,26.61079999999999
O=C(CO)CCF,-0.09260000000000002,22.684799999999992
CCCC(O)O,0.09720000000000006,23.133599999999994
O=CCCCCF,1.3251,25.889999999999986
CCC(O)C(O)O,-0.9320000000000002,24.523399999999995
CCC(O)CCO,0.13970000000000005,28.000599999999988
CCCC(O)O,0.09719999999999995,23.13359999999999
CCC(=O)C(C)O,0.3463,26.978799999999985
CCCC(=O)CC,1.7656,30.20599999999998
COC1CC1O,-0.23400000000000004,21.420799999999996
CCC(O)C(=O)O,-0.15810000000000013,23.93359999999999
CC(C)(O)C(=O)O,-0.15810000000000013,23.93359999999999
CCC(=O)CCF,1.3251,25.889999999999986
*C(O)CCCC,1.0443,25.53179999999999
OCCC(O)O,-1.3205000000000002,19.928399999999996
CCCCCO,1.1689,26.61079999999999
*COCCC(=O)O,-0.015499999999999847,23.071799999999993
CCCC(C)O,1.1673,26.58879999999999
CCC(O)CO,-0.25039999999999996,23.383599999999994
CCCCCCO,1.559,31.22779999999998
OCCCCO,-0.24880000000000008,23.405599999999993
CCC(=O)NCO,-0.5376000000000001,25.519499999999994
O=C(O)CCCO,-0.15650000000000003,23.955599999999993
OCCCCCO,0.14130000000000004,28.022599999999986
CC(O)C(N)=O,-1.1475,20.875199999999996
O=C(O)CCO,-0.5466,19.3386
CCCNCN,-0.0978,27.348099999999995
CCCCC=O,1.3755,25.588999999999988
O=C(O)OOCF,0.5396000000000001,16.169800000000002
*CC(O)CCC,1.115,25.72179999999999
*CCCC(O)O,0.04489999999999994,22.26659999999999
CCC(O)CO,-0.25039999999999996,23.383599999999994
COC(O)C(C)O,-0.6680000000000001,24.696599999999993
CCCCCO,1.1689,26.610799999999987
CNC(=O)CCO,-0.8852,25.76949999999999
*CCCC(O)O,0.04489999999999994,22.26659999999999
CC(O)C(O)CO,-1.2796,24.77339999999999
*CCC(=O)OC,0.5170999999999999,21.43999999999999
CC(O)CCCO,0.1397,28.000599999999988
O=C(O)CCCCO,0.23360000000000009,28.572599999999987
OCCCCCO,0.14130000000000004,28.022599999999986
CCC(C)(O)C(=O)O,0.23199999999999998,28.55059999999999
*CCCC(O)O,0.04489999999999994,22.26659999999999
CCCCCO,1.1689,26.610799999999987
OCCCCCO,0.14130000000000004,28.022599999999986
*CCCC(O)CO,0.08739999999999992,27.133599999999987
OCCC1COOC1,-0.053200000000000136,27.096799999999988
OCCCCO,-0.24880000000000008,23.405599999999993
*CCCCCN,1.0830000000000002,27.712399999999988
O=CCCCCO,0.34790000000000004,27.000799999999987
*CCCCC(O)O,0.43499999999999994,26.883599999999987
CC(O)CCO,-0.2503999999999999,23.383599999999994
OCCOCO,-1.0549000000000002,20.123599999999996
CCCCCO,1.1689,26.610799999999987
*CCCCCO,1.1166,25.743799999999986
*C(O)C(O)CC,-0.375,22.304599999999997
O=CCCCO,-0.04219999999999996,22.383799999999994
*CCCC(=O)O,0.8188,21.676799999999993
COC(=O)CCCO,-0.0681000000000001,28.335799999999985
CCCCCO,1.1689,26.610799999999987
*C(N)C(C)C,0.47650000000000003,22.813399999999998
CCCCCO,1.1689,26.610799999999987
CCC(O)C(O)O,-0.9320000000000004,24.52339999999999
CC(O)CCO,-0.2503999999999999,23.383599999999994
*CCC(C)O,0.7248999999999999,21.104799999999997
O=CCCCC(=O)O,0.4402000000000001,27.55079999999999
CCCC(=O)O,0.8711,22.543799999999994
CCCCCCO,1.559,31.22779999999998
O=CC(O)CCCO,-0.6813000000000002,28.390599999999985
CCCC(O)C(=O)O,0.23199999999999998,28.550599999999985
CCCCCO,1.1689,26.610799999999987
O=CC(O)CCF,-0.09420000000000006,22.662799999999994
O=C(O)C(O)CCO,-1.1857,25.345399999999994
CCCCCCO,1.559,31.22779999999998
O=CCCCCO,0.34790000000000004,27.000799999999987
CC(=O)CCCN,0.31430000000000013,28.96939999999999
CCCCCO,1.1689,26.610799999999987
*CCCCCC,2.534300000000001,28.948999999999984
COC(=O)C(C)N,-0.4934,25.66539999999999
CC(O)CCO,-0.25039999999999996,23.383599999999994
CCCCC(=O)O,1.2612,27.160799999999988
O=C1OC1CO,-1.0959,16.9658
OCC(O)CCF,-0.30079999999999996,23.684599999999993
OCc1*ncc1,0.011699999999999988,21.345799999999993
CC(O)C(O)O,-1.3221000000000005,19.906399999999994
*C(=O)CCCC,1.2525,24.53199999999999
CCC(O)CO,-0.25039999999999996,23.383599999999994
CC(O)CC(O)O,-0.9320000000000002,24.523399999999995
CC(O)C(=O)C(=O)O,-0.9791000000000003,24.323599999999995
O=CC(O)C(O)CO,-2.1006,25.163399999999992
CCC(O)CCCO,0.5297999999999998,32.61759999999998
CCCCCCC=O,2.1557000000000004,34.822999999999986
CCCCOCC=O,1.002,31.790999999999983
CCCC(C)C,2.442500000000001,29.74599999999998
CCC(=O)CC,1.3755,25.588999999999988
CCC(O)CCO,0.1397,28.000599999999988
O=C1OCCC1CF,0.519,25.04099999999999
CCC(=O)C(O)O,-0.7238,23.523599999999995
CCCC(=O)NC,0.5325,28.974699999999988
CCCCCO,1.1689,26.610799999999987
O=CCC(=O)C(=O)O,-0.7709000000000001,23.323799999999995
O=CCCCCO,0.3479,27.000799999999987
CCC(O)CC,1.1673,26.58879999999999
CCCCCC,2.5866000000000007,29.81599999999998
O=CCC(O)OC=O,-0.9332,23.836799999999993
*CC(O)C(=O)OC,-0.5121,22.82979999999999
CCCCCO,1.1689,26.61079999999999
O=CCOC(=O)O,-0.12009999999999993,20.040799999999997
CCC1CC1CO,1.0248,28.973799999999986
*CCC(=O)NC,0.09010000000000001,23.490699999999993
CCC1CC1CC,2.442500000000001,32.17899999999998
OCCCCCO,0.14130000000000004,28.022599999999986
CC(O)C(C)CO,-0.0044000000000000705,27.930599999999988
OCCCCCO,0.14130000000000004,28.022599999999986
CC(C)C(C)O,1.0231999999999999,26.518799999999988
*CCC(N)=O,-0.1706000000000003,18.618399999999998
CCCCCN,1.1353000000000002,28.579399999999985
CCCCCO,1.1689,26.61079999999999
CCC(C)CCCO,1.805,35.77479999999999
*CC(C)CN,0.5488000000000002,23.02539999999999
CC(=O)CCCC=O,0.9446,30.595999999999986
CCCC(C)O,1.1673,26.58879999999999
O=CCCCO,-0.04219999999999996,22.383799999999994
CCCC(C)C,2.442500000000001,29.74599999999998
CCCCCCO,1.559,31.22779999999998
O=CCNCCO,-1.2328,26.01949999999999
CCCCCCC,2.976700000000002,34.432999999999986
CC1OC1CO,-0.23400000000000004,21.420799999999996
O=CCCCO,-0.04219999999999996,22.383799999999994
O=C(O)CCCO,-0.15650000000000003,23.955599999999993
O=CCCCCCO,0.738,31.61779999999998
CC(O)C(O)CO,-1.2796,24.77339999999999
CCCOCCC,1.823,31.400999999999982
CCCNCO,-0.06420000000000015,25.379499999999993
CCCCCO,1.1689,26.61079999999999
CCCCCCO,1.559,31.22779999999998
CCCCC(=O)O,1.2612,27.160799999999988
O=CCOCCCO,-0.4156999999999999,28.585799999999985
OCCOCCO,-1.0124,24.99059999999999
CCCCCO,1.1689,26.610799999999987
O=CCC(O)O,-1.1139000000000001,18.9066
CCCC(=O)OC,0.9594999999999999,26.923999999999985
CC1CC1CO,0.6347,24.356799999999993
CC(CO)CO,-0.39289999999999997,23.335599999999992
CCCCCO,1.1689,26.610799999999987
CCCCCC=O,1.7656,30.20599999999998
CCCC(O)CC,1.5574,31.205799999999982
CCCCCO,1.1689,26.61079999999999
CC(=O)CCCO,0.34790000000000004,27.000799999999987
*C(=O)C(O)C(C)O,-1.1960000000000002,22.694599999999994
NCCCCO,-0.28239999999999993,25.37419999999999
CC1C(C)C1O,0.6331,24.33479999999999
*CCC(O)CO,-0.30269999999999997,22.516599999999993
*CC1OCC1N,-0.3199000000000001,22.52239999999999
CC(CN)CO,-0.42649999999999977,25.304199999999998
*C(O)C(N)OC,-1.2147000000000003,20.991200000000003
*CCCCC(=O)O,1.2089,26.29379999999999
OCCCC(O)O,-0.9304000000000001,24.54539999999999
*C(O)C(C)CC,0.9001999999999999,25.46179999999999
COC(=O)CCO,-0.4582000000000001,23.71879999999999
O=CC(O)C(O)CF,-1.1234000000000004,24.052599999999995
CCC(O)CO,-0.25039999999999996,23.383599999999994
CCC(C)CC,2.442500000000001,29.74599999999998
CCCC(=O)O,0.8711,22.54379999999999
CCC(=O)NC,0.14239999999999992,24.357699999999994
CCC1CC1C,2.0524,27.561999999999987
CC(O)NC=O,-0.9293000000000002,20.880499999999994
O=CCCC(=O)C(O)O,-1.1547,28.530599999999986
CCCC(O)CC,1.5574,31.205799999999982
OCCCCO,-0.24880000000000008,23.405599999999993
CCC(O)C(=O)O,-0.15810000000000002,23.933599999999995
CCC(O)CO,-0.25039999999999996,23.383599999999994
CCCCCO,1.1689,26.61079999999999
CCCCCCO,1.559,31.22779999999998
CCCC(=O)O,0.8711,22.54379999999999
OCOC(O)CO,-1.7365000000000002,21.263399999999997
CC(C)C(=O)O,0.7270000000000001,22.47379999999999
COC1CC1CO,0.013600000000000001,25.98979999999999
CC(O)C(C)CO,-0.0043999999999999595,27.930599999999988
OCCCCO,-0.24880000000000008,23.405599999999993
CCCCC(=O)O,1.2612,27.160799999999988
CC(N)C(C)O,-0.28559999999999997,25.330199999999998
*CCCCC(C)O,1.5050999999999999,30.338799999999985
CC(O)CCCO,0.13970000000000005,28.000599999999988
O=C(O)CCCCO,0.23360000000000009,28.572599999999987
CCC(=O)CCO,0.34790000000000004,27.000799999999987
CCCCCO,1.1689,26.61079999999999
OCCCCCO,0.14130000000000004,28.022599999999986
CCCCCC=O,1.7656,30.20599999999998
CCCCCO,1.1689,26.61079999999999
*CCCCC,2.1441999999999997,24.33199999999999
*CCCCC,2.1441999999999997,24.33199999999999
*C(O)CCOC=O,-0.5828000000000002,22.639799999999994
CCCCCO,1.1689,26.610799999999987
NCCCCO,-0.28239999999999993,25.37419999999999
CCNC(O)C=O,-0.8868,25.74749999999999
OCCCC(O)O,-0.9304000000000001,24.54539999999999
CCC1NC1O,-0.31340000000000023,23.221499999999995
CCCC(C)O,1.1673,26.58879999999999
COC(=O)C(C)C,0.8153999999999999,26.853999999999985
*CCCCCC,2.534300000000001,28.948999999999984
OCCCCCO,0.14130000000000004,28.022599999999986
CCCCCNC,1.396,33.45169999999999
CCC(=O)C(C)O,0.3463,26.978799999999985
OCCCC(O)O,-0.9304000000000001,24.54539999999999
O=C(O)CCCCF,1.2108,27.46179999999999
*CC(C)CO,0.5824,21.056799999999996
*CCC(C)C,2.0000999999999998,24.26199999999999
CC(O)*C(C)CO,0.21040000000000003,28.19059999999999
*CCCC(N)O,0.011299999999999644,24.235199999999992
O=C(O)C(O)CO,-1.5757999999999999,20.728399999999997
O=C(O)C(O)CO,-1.5757999999999999,20.728399999999997
CC(C)(O)CCO,0.13970000000000005,28.000599999999988
*CCCC(C)O,1.115,25.72179999999999
*CC(O)CC,0.7248999999999999,21.104799999999997
CC(O)CCO,-0.25039999999999996,23.383599999999994
CCCCCC=O,1.7656,30.20599999999998
OCCCCO,-0.24880000000000008,23.405599999999993
O=COCCC(=O)O,-0.3659000000000001,24.268799999999995
O=COCCC(O)O,-1.1398000000000001,24.858599999999992
CCC(C)C(C)O,1.4133,31.135799999999982
O=C(O)C(O)O,-1.6183000000000003,15.8614
CCCC(O)CC,1.5574,31.205799999999982
CCCCCO,1.1689,26.61079999999999
OCCCCCO,0.14130000000000004,28.022599999999986
O=C(O)CCO,-0.5466,19.3386
CC(O)C(O)O,-1.3221000000000005,19.906399999999994
CCCCCCCO,1.9491,35.84479999999999
O=CCOCCCF,0.5615,27.474999999999987
CC1CCCCC1=O,1.7656,32.63899999999998
OCCCCO,-0.24880000000000008,23.405599999999993
O=C(O)C(=O)O,-0.8443999999999998,15.2716
COC(=O)CCCN,-0.10170000000000001,30.30439999999999
CC(O)CCCO,0.13970000000000005,28.000599999999988
CCC(=O)OC,0.5693999999999999,22.30699999999999
CCCCCC=O,1.7656,30.20599999999998
OCCCCO,-0.24880000000000008,23.405599999999993
CCCCCO,1.1689,26.610799999999987
CCC(N)CO,-0.2840000000000001,25.352199999999996
*C(O)C(O)CC,-0.375,22.304599999999997
CC(C)CCO,1.0248,26.54079999999999
CCC(O)CO,-0.25039999999999996,23.383599999999994
CCCCC(O)CC,1.9475,35.822799999999994
CCCC(O)CC,1.5574,31.205799999999982
OCCCCO,-0.24880000000000008,23.405599999999993
O=C(CO)CO,-1.4599000000000002,19.1786
CCC(O)CO,-0.25039999999999996,23.383599999999994
CCCC(O)O,0.09720000000000006,23.133599999999994
OCCCCCO,0.14130000000000004,28.022599999999986
CCCCCCO,1.559,31.22779999999998
CCCCCC(=O)O,1.6513,31.777799999999985
CCCCCO,1.1689,26.610799999999987
CCCCC(O)O,0.4872999999999999,27.750599999999988
CCCC(O)O,0.09719999999999995,23.13359999999999
O=CCCCO,-0.04219999999999996,22.383799999999994
CCC(=O)CC,1.3755,25.588999999999988
O=CCCCCO,0.3479,27.000799999999987
*CCC(C)CO,0.9724999999999999,25.673799999999986
CCCCCCC,2.976700000000002,34.432999999999986
CCC(=O)CCO,0.34790000000000004,27.000799999999987
CCOCCCOC,1.0594000000000001,32.98599999999998
CCC(N)OC,0.3275999999999997,25.275399999999994
OC1CCC(O)C1,-0.10790000000000005,25.86459999999999
*C(O)C(O)CC,-0.375,22.304599999999997
O=C(O)CCO,-0.5466,19.3386
O=C(O)C(O)O,-1.6182999999999998,15.8614
O=C(O)CCCO,-0.15649999999999997,23.955599999999993
CC1OC1CO,-0.23399999999999999,21.420799999999993
O=COCCCO,-0.4581999999999999,23.71879999999999
CCCCCC,2.5866000000000007,29.81599999999998
*C(N)C(C)O,-0.7987,19.656200000000005
CC(O)C(=O)O,-0.5482,19.316599999999998
O=C(CO)CCCF,0.2975000000000001,27.30179999999999
CC(C)C(C)C,2.2984,29.675999999999984
CCCCCO,1.1689,26.61079999999999
OCCCCCO,0.14130000000000004,28.022599999999986
CC1OCC1O,-0.23399999999999999,21.420799999999993
CCCCC(N)O,0.45369999999999977,29.71919999999999
CCCC(=O)O,0.8711,22.54379999999999
CC(O)CC(N)O,-0.9656,26.491999999999997
CCC(O)C(=O)O,-0.15810000000000013,23.93359999999999
OCCCCO,-0.24880000000000008,23.405599999999993
O=C(O)CCCO,-0.15650000000000003,23.955599999999993
CC(O)(O)C(=O)O,-1.2282,20.478399999999997
O=CC(=O)CCF,0.11399999999999988,21.662999999999993
CCCCCCO,1.559,31.22779999999998
CCCCCC(=O)O,1.6513,31.777799999999985
OCCCCO,-0.24880000000000008,23.405599999999993
*CCCCCO,1.1166,25.743799999999986
*CCCCC,2.1441999999999997,24.33199999999999
CCC(O)C(O)O,-0.9320000000000002,24.523399999999995
OCC(O)C(O)O,-2.3497,21.318199999999997
CC(CO)C(O)O,-1.0745000000000002,24.47539999999999
O=CCCCCO,0.34790000000000004,27.000799999999987
*C(O)CCCC,1.0443,25.53179999999999
CCCC(=O)CC,1.7656,30.20599999999998
CCC(O)C(C)O,0.1381,27.97859999999999
CCCCC=O,1.3755,25.588999999999988
O=C(O)CCCCO,0.23360000000000009,28.572599999999987
COC(=O)C(C)O,-0.45980000000000015,23.696799999999993
CCC(O)CO,-0.25039999999999996,23.383599999999994
CNCCCO,-0.4118000000000001,25.629499999999993
CC(CO)C(O)CO,-1.0320000000000003,29.342399999999987
CCCCCN,1.1353000000000002,28.579399999999985
O=CCCCC(=O)O,0.4402000000000001,27.55079999999999
CCCCCC,2.5866000000000007,29.81599999999998
CCOC=O,0.17930000000000001,17.689999999999998
*CCCCCN,1.0830000000000002,27.712399999999988
OCCCCO,-0.24880000000000008,23.405599999999993
NCCNCCO,-1.4729999999999992,29.009899999999995
OCCCCO,-0.24880000000000008,23.405599999999993
COC(=O)C(C)O,-0.4598000000000002,23.696799999999993
CCCCCO,1.1689,26.61079999999999
CCNC(C)O,-0.06579999999999997,25.357499999999995
O=CCC(O)OC=O,-0.9332,23.836799999999993
CCOCCCCO,0.7953999999999999,32.81279999999998
CCCCCO,1.1689,26.610799999999987
*C(O)C(C)C,0.5101,20.844799999999996
O=C(O)CCCCF,1.2108,27.46179999999999
O=C(O)OCCCF,1.0406,24.568799999999992
CCC(C)OC,1.4313,26.761999999999986
CCC(=O)CC,1.3755,25.588999999999988
*CCNC=O,-0.30000000000000004,18.873699999999996
NC(N)C(O)O,-2.4593999999999996,20.3884
*CCCCC,2.1441999999999997,24.33199999999999
CCCCCO,1.1689,26.61079999999999
CC(O)C(C)CO,-0.0044000000000000705,27.930599999999988
CC(=O)CCC(=O)O,0.4402,27.55079999999999
CC(C)CCO,1.0248,26.54079999999999
CCCCCOC(O)F,1.4385999999999999,32.591799999999985
COCCC(=O)O,0.10750000000000015,24.12879999999999
O=C(O)CCO,-0.5466,19.3386
CC(CO)CO,-0.3929,23.335599999999996
C=C(O)C(O)CCC,1.2190999999999999,32.68359999999999
O=CCCCO,-0.04219999999999996,22.383799999999994
*C1OCCOC1O,-0.7730000000000001,21.69879999999999
CC(=O)CC(=O)O,0.05009999999999998,22.933799999999994
O=C(O)C(=O)C(O)O,-2.0492,20.868399999999998
*CCC(=O)O,0.4287,17.0598
*CCCCCC=O,1.7133,29.338999999999984
*CNCC(C)C,0.7387999999999999,27.70769999999999
OCCCCCO,0.14130000000000004,28.022599999999986
O=CCCCO,-0.04219999999999996,22.383799999999994
COCCCCCO,0.7953999999999999,32.81279999999998
*C(=O)CCCC=O,0.4315,24.92199999999999
CCCC(=O)O,0.8711,22.54379999999999
CCCCCC,2.5866000000000007,29.81599999999998
CCC(C)CO,1.0248,26.54079999999999
CCCNCO,-0.06420000000000015,25.379499999999993
CC(O)NCCO,-1.0934,26.76929999999999
CCCC(C)O,1.1673,26.58879999999999
CCC(O)C(C)O,0.1381,27.97859999999999
CC(O)CCCO,0.13970000000000005,28.000599999999988
CCCC(C)=O,1.3755,25.588999999999988
O=C(O)CCO,-0.5466,19.3386
CCCCCCO,1.559,31.22779999999998
O=C(C(F)F)C(O)CO,-0.8261999999999998,24.103599999999993
NCCCCO,-0.28239999999999993,25.37419999999999
CCCCCC(=O)O,1.6513,31.777799999999985
*CCC(C)C,2.0000999999999998,24.26199999999999
CCCCCC(=O)O,1.6513,31.777799999999985
CCCCCO,1.1689,26.61079999999999
O=CC(O)CCO,-1.0714000000000001,23.773599999999995
CCCC(C)CO,1.4149,31.15779999999998
OCCCCO,-0.24880000000000008,23.405599999999993
CCCC(C)O,1.1673,26.58879999999999
OCOCOC(O)O,-1.8049000000000002,22.348399999999994
O=COC(O)CC(=O)O,-1.0474999999999999,25.408599999999993
*CCCCCN,1.0830000000000002,27.712399999999988
CCC(=O)CO,-0.04219999999999996,22.383799999999994
*CCCC(O)O,0.04489999999999994,22.26659999999999
COC(=O)C1CC1O,-0.45980000000000015,26.12979999999999
CC1*C(=O)CCC1,1.5903,28.281999999999986
O=C(O)CCCO,-0.15650000000000003,23.955599999999993
O=C(O)CCCO,-0.15649999999999992,23.955599999999993
OCCOC(O)O,-1.7365000000000002,21.263399999999997
O=CCC1C(O)C1O,-1.0730000000000002,26.18459999999999
CCC(C)CO,1.0248,26.54079999999999
CCCCCCO,1.559,31.22779999999998
O=C(O)C1(O)CCCO1,-0.42999999999999994,27.771599999999992
CCCCCCO,1.559,31.22779999999998
NCCCCO,-0.28239999999999993,25.37419999999999
CCCCC(O)O,0.48729999999999996,27.750599999999984
*CC(O)CC,0.7248999999999999,21.104799999999997
CCC(C)(O)O,0.09720000000000001,23.133599999999994
*CC(O)CCO,-0.3027000000000002,22.516599999999993
*CC(O)CCC,1.115,25.72179999999999
CCCC(O)O,0.09720000000000006,23.133599999999994
O=CCCCO,-0.04219999999999996,22.383799999999994
CCCCCCCO,1.9491,35.84479999999999
CCCCCCC,2.976700000000002,34.432999999999986
CCC(O)C(=O)OC,-0.0697000000000001,28.313799999999986
O=C(CO)CO,-1.4599000000000002,19.1786
CCCNCCC,1.396,33.45169999999999
CC(O)C(N)O,-1.3557000000000001,21.875000000000004
CCCCCOCCCO,1.5756,42.04680000000001
OCCC(O)CO,-1.2780000000000002,24.795399999999994
O=CCCCC(=O)O,0.4402000000000001,27.55079999999999
CCCCC(=O)O,1.2612,27.160799999999988
CCCCC(C)O,1.5574,31.205799999999982
*CCCCN,0.6929000000000001,23.09539999999999
COC(C)C(O)O,-0.668,24.696599999999993
*CC(C)C(O)CO,-0.05669999999999997,27.06359999999999
O=C(O)C(O)CCCO,-0.7956000000000001,29.962399999999988
OCCCC(O)CO,-0.8879000000000004,29.412399999999987
*C(O)C(C)CO,-0.5175000000000001,22.256599999999995
OCCCCCO,0.14130000000000004,28.022599999999986
CCCCC(=O)O,1.2612,27.160799999999988
CCC(=O)OC,0.5693999999999999,22.30699999999999
OCCC(O)CO,-1.2780000000000002,24.795399999999994
*C(=O)CCCO,-0.1652,21.32679999999999
CCCC(C)C,2.442500000000001,29.74599999999998
CCCNCO,-0.06420000000000015,25.379499999999993
*CCCCN,0.6929000000000001,23.09539999999999
CCCC(C)C,2.442500000000001,29.74599999999998
CC(CO)CO,-0.3929,23.335599999999996
OCCCCO,-0.24880000000000008,23.405599999999993
O=CCCNCO,-0.8852000000000002,25.76949999999999
CCCC(C)O,1.1673,26.58879999999999
CCCCCC(=O)O,1.6513,31.777799999999985
*CC(C)CO,0.5824,21.056799999999996
CCCC(C)C,2.442500000000001,29.74599999999998
OCCCCO,-0.24880000000000008,23.405599999999993
CCCCCC,2.5866000000000007,29.81599999999998
OCCCCCC(O)O,-0.15020000000000006,33.77939999999999
CC(C)C(C)O,1.0231999999999999,26.518799999999988
CNCCCO,-0.4118000000000001,25.629499999999993
O=C(O)CCCCO,0.23360000000000009,28.572599999999987
CCCCC=O,1.3755,25.588999999999988
O=C(O)CCCOCO,-0.18239999999999995,29.907599999999984
CCCCOOC=O,0.8911,28.008999999999986
CC(CO)CO,-0.3929,23.335599999999996
CS(=O)(=O)CO,-1.0191999999999999,21.929599999999994
CC(O)C=O,-0.4339000000000002,17.7448
CCCC(C)=O,1.3755,25.588999999999988
OCCCCO,-0.24880000000000008,23.405599999999993
CCCCCO,1.1689,26.610799999999987
CC1OC1C(=O)O,-0.1417,21.970799999999997
OCCCCO,-0.24880000000000008,23.405599999999993
O=CCCCO,-0.04219999999999996,22.383799999999994
CCCC(C)=O,1.3755,25.588999999999988
O=COCCOCO,-0.8741999999999999,25.05379999999999
CC(C)CC(O)O,0.3432,27.680599999999988
OCCCCCO,0.14130000000000004,28.022599999999986
O=CCCCOO,0.4551,23.87879999999999
CCCCC(O)C=O,0.7363999999999999,31.595799999999983
CCC(C)CO,1.0248,26.54079999999999
O=CCCCC(=O)O,0.4402000000000001,27.55079999999999
*C(O)CCC,0.6541999999999999,20.914799999999996
O=C1CCC1O,-0.2898,20.247799999999998
CCC(O)C(O)CO,-0.8895000000000002,29.39039999999999
CC(O)CC=O,-0.043800000000000006,22.361799999999995
*CCC(C)CO,0.9724999999999999,25.67379999999999
CCCC(C)O,1.1673,26.58879999999999
O=CCCCCO,0.34790000000000004,27.000799999999987
O=CCCCCO,0.34790000000000004,27.000799999999987
CC(O)C(C)OCN,-0.31150000000000005,31.28219999999999
CCC(O)C(O)CC,0.5282,32.59559999999998
CCCCCO,1.1689,26.61079999999999
CCCCCC=O,1.7656,30.20599999999998
CCC(O)CC,1.1673,26.58879999999999
CC(O)CCCO,0.1397,28.000599999999988
CCCCCO,1.1689,26.610799999999987
CCCCC=O,1.3755,25.588999999999988
CCCCCO,1.1689,26.61079999999999
*C(O)C(C)C(C)=O,0.07919999999999999,25.851799999999987
CCCCCCC,2.976700000000002,34.432999999999986
CCC(O)C(C)O,0.1381,27.97859999999999
O=C(O)CCC(O)OO,-0.34080000000000005,26.590399999999992
CCCCCC=O,1.7656,30.20599999999998
CCC(=O)C(C)O,0.3463,26.978799999999985
O=C(CO)CCF,-0.09260000000000002,22.684799999999992
CCC(C)O,0.7772,21.971799999999995
*C(=O)CC(O)C(C)O,-0.8059000000000001,27.311599999999988
CCCCCC,2.5866000000000007,29.81599999999998
CCCCC(O)O,0.4872999999999999,27.750599999999988
CCC(O)OCC(O)O,-0.9579000000000002,30.475399999999986
OCCCCO,-0.24880000000000008,23.405599999999993
CCC(O)C(C)O,0.1381,27.97859999999999
CC(C)CCO,1.0248,26.54079999999999
*CC(C)C(=O)OC,0.7630999999999999,25.986999999999988
*C(O)COCCC,0.2807,27.116799999999987
CC(=O)NCCO,-0.8852,25.76949999999999
CCC(C)C(C)O,1.4133,31.135799999999982
O=CCCCCO,0.34790000000000004,27.000799999999987
*CCCCC,2.1441999999999997,24.33199999999999
O=C(O)CCCO,-0.15650000000000003,23.955599999999993
CCCCCO,1.1689,26.61079999999999
O=CCCCO,-0.04219999999999996,22.383799999999994
OCCC1CC1O,-0.2503999999999999,25.81659999999999
*C(O)C(C)C,0.5101,20.844799999999996
O=CCCCO,-0.04219999999999996,22.383799999999994
*CCCC(C)O,1.115,25.72179999999999
*CCCCCN,1.0830000000000002,27.712399999999988
*C(=O)COCOCCO,-0.9547000000000001,28.863799999999987
O=CCOCCO,-0.8057999999999998,23.96879999999999
O=C(CO)CCF,-0.09260000000000002,22.684799999999992
NCCCC(=O)O,-0.19009999999999982,25.924199999999995
CC(O)CCCO,0.1397,28.000599999999988
CCCC(O)CO,0.13970000000000005,28.000599999999988
CCCC(O)CO,0.13970000000000005,28.000599999999988
CCC(O)CN,-0.28400000000000025,25.35219999999999
CCCCCCO,1.559,31.22779999999998
CCC(O)CO,-0.25039999999999996,23.383599999999994
CCCCCO,1.1689,26.610799999999987
*C(O)C(O)CC,-0.375,22.304599999999997
O=CNCCCO,-0.8852,25.76949999999999
CCCCCCO,1.559,31.22779999999998
CCCCCO,1.1689,26.61079999999999
CCCCCC=O,1.7656,30.20599999999998
OCCCCCO,0.14130000000000004,28.022599999999986
O=CCOCCF,0.1714000000000001,22.85799999999999
CCCCCO,1.1689,26.61079999999999
*C(N)C(C)O,-0.7987,19.656200000000005
CC(CO)CO,-0.3929,23.335599999999996
CCCNCN,-0.0978,27.348099999999995
O=COCCCCF,0.9091,27.224999999999987
COC(N)CO,-1.0901,22.0702
CCC(C)CO,1.0248,26.54079999999999
CCCCC(O)CC,1.9475,35.822799999999994
CCC(O)C(C)C=O,0.5923,31.525799999999983
CCCCCC,2.5866000000000007,29.81599999999998
O=C(O)CCCO,-0.15650000000000003,23.955599999999993
CCCCCO,1.1689,26.610799999999987
OCC1CC1CF,0.5843,24.65779999999999
CCCCCO,1.1689,26.610799999999987
CCCCCO,1.1689,26.61079999999999
CCCC(C)=O,1.3755,25.588999999999988
CCC(O)C(O)O,-0.9320000000000002,24.523399999999995
CCCCCC,2.5866000000000007,29.81599999999998
CCC(O)C(O)CO,-0.8895000000000002,29.39039999999999
CC(C)CCCO,1.4149,31.15779999999998
CCC(=O)C(O)O,-0.7238,23.523599999999995
*CCCCCC,2.534300000000001,28.948999999999984
CCCCCO,1.1689,26.61079999999999
CCCCCO,1.1689,26.610799999999987
CCCCCO,1.1689,26.610799999999987
CCC(C)CO,1.0248,26.54079999999999
*CCCCC(=O)O,1.2089,26.29379999999999
CCCCCC=O,1.7656,30.20599999999998
O=C(O)CCCCO,0.23360000000000009,28.572599999999987
O=C(O)CCO,-0.5466,19.3386
CCCCCC,2.5866000000000007,29.81599999999998
O=CCCCO,-0.04219999999999996,22.383799999999994
CC(=O)C(=O)C(C)O,-0.4747000000000001,27.36879999999999
CC(O)C(C)C=O,0.2022,26.908799999999985
CCC(O)CO,-0.25039999999999996,23.383599999999994
CC(C=O)C(O)O,-0.8679000000000001,23.45359999999999
*C(O)C(=O)CC,-0.1668,21.304799999999997
OCCCCO,-0.24880000000000008,23.405599999999993
CCC(=O)C(C)O,0.3463,26.978799999999985
OCCCCCO,0.14130000000000004,28.022599999999986
CCCC(=O)O,0.8711,22.54379999999999
OC1CCCCC1,1.3114,29.091799999999985
CCCC(=O)CO,0.3479000000000001,27.000799999999987
CCCC(C)O,1.1673,26.58879999999999
CC1(O)CC1O,-0.49799999999999994,21.2476
OCCCC(O)O,-0.9304000000000001,24.54539999999999
O=C(O)C(O)CO,-1.5757999999999999,20.728399999999997
CCC(O)CO,-0.25039999999999996,23.383599999999994
*C1CCCC1O,0.869,23.60779999999999
*CC(C)CO,0.5824,21.056799999999996
CC(O)CCCO,0.13970000000000005,28.000599999999988
CC(O)C(O)O,-1.3221,19.9064
CCCCCCO,1.559,31.22779999999998
CCCCCC=O,1.7656,30.20599999999998
CCCCCC,2.5866000000000007,29.81599999999998
CCC(=O)CC,1.3755,25.588999999999988
O=C(O)CCO,-0.5466,19.3386
CCC(=O)CCCO,0.738,31.61779999999998
CCCCCO,1.1689,26.61079999999999
CC(N)C(C)O,-0.28559999999999997,25.330199999999998
*C(O)CCCC,1.0443,25.53179999999999
CCCCCO,1.1689,26.61079999999999
CCCCCC,2.5866000000000007,29.81599999999998
*C1(C)CC1C,1.7541,22.147999999999993
CC(O)C(=O)O,-0.5482,19.3166
CCCC(O)O,0.09719999999999995,23.13359999999999
CCCCC(=O)O,1.2612,27.160799999999988
O=C(O)CCCO,-0.15650000000000003,23.955599999999993
NCCNCCO,-1.4729999999999992,29.009899999999995
CCCC(N)=O,0.27180000000000015,24.102399999999996
OCCCCO,-0.24880000000000008,23.405599999999993
CCCCCC,2.5866000000000007,29.81599999999998
OCCCC(O)CO,-0.8879000000000001,29.412399999999987
O=C(O)CCCCO,0.23359999999999997,28.572599999999987
CCCC(O)O,0.09720000000000006,23.133599999999994
CCC(O)C(=O)O,-0.15810000000000013,23.93359999999999
CCC(O)CO,-0.25039999999999996,23.383599999999994
CCCCCO,1.1689,26.610799999999987
CC(C)C(C)N,0.9896,28.48739999999999
OCCCCCO,0.14130000000000004,28.022599999999986
CCCCCC,2.5866000000000007,29.81599999999998
CCCC(=O)O,0.8711,22.54379999999999
CCC(C)C(O)CC,1.8034,35.75279999999999
*CC1OCC1=O,-0.07809999999999995,19.553999999999995
OCCCCCO,0.14130000000000004,28.022599999999986
OCCCCCO,0.14130000000000004,28.022599999999986
CNC(O)CO,-1.4835000000000003,22.152299999999997
CCCCCO,1.1689,26.610799999999987
CC(O)C(O)C(C)O,-0.8911000000000004,29.368399999999987
CCCCCCCO,1.9491,35.84479999999999
OCCCCCO,0.14130000000000004,28.022599999999986
CCCCCO,1.1689,26.61079999999999
CCC(=O)CCCN,0.7044,33.58639999999998
CCC(O)C(O)O,-0.9320000000000002,24.523399999999995
CC(O)C(O)C(=O)O,-1.1873000000000002,25.323399999999992
CCC(=O)O,0.481,17.9268
CCNCCO,-0.41180000000000017,25.62949999999999
O=C(O)CCO,-0.5466,19.3386
CCCCCC=O,1.7656,30.20599999999998
COC(=O)C(=O)O,-0.756,19.651799999999994
CCCCCO,1.1689,26.610799999999987
CCCCCO,1.1689,26.61079999999999
*CCCCCC,2.534300000000001,28.948999999999984
CC(O)C(O)CN,-1.3132,26.741999999999997
CCCC(O)CO,0.13969999999999994,28.000599999999988
O=COCCCCO,-0.0681,28.335799999999985
O=CCCCO,-0.04219999999999996,22.383799999999994
CC(O)CCO,-0.2503999999999999,23.383599999999994
CCCCCC,2.5866000000000007,29.81599999999998
CCCNCC,1.0059,28.834699999999987
O=COCCC(=O)O,-0.3659000000000001,24.268799999999995
OCCCCO,-0.24880000000000008,23.405599999999993
CCCC(C)O,1.1673,26.58879999999999
CCCCCC,2.5866000000000007,29.81599999999998
CC(CO)C(=O)O,-0.3006000000000002,23.885599999999993
CCCC(O)C(=O)O,0.23199999999999998,28.550599999999985
OCCCCCO,0.14130000000000004,28.022599999999986
NCCCC(N)O,-0.9976000000000005,28.482599999999998
CCCCC(O)CC,1.9475,35.822799999999994
CCCCC=O,1.3755,25.588999999999988
O=CCCCCO,0.34790000000000004,27.000799999999987
*CC(O)C(O)O,-1.3744000000000005,19.039399999999997
O=C(O)C(O)CO,-1.5757999999999999,20.728399999999997
OCCCCO,-0.24880000000000008,23.405599999999993
CCCCCO,1.1689,26.61079999999999
OCCCCO,-0.24880000000000008,23.405599999999993
O=C(O)CC(=O)OO,-0.5226999999999999,20.973599999999998
CCCC(C)=O,1.3755,25.588999999999988
*c1ccnnc1O,-0.6432000000000002,23.330799999999996
CC(O)CC(=O)C(=O)O,-0.5890000000000004,28.94059999999999
OCCCCO,-0.24880000000000008,23.405599999999993
CC1CC1CN,0.6011000000000002,26.325399999999988
O=CC(O)C=O,-1.2549000000000001,18.1348
CCCCCC,2.5866000000000007,29.81599999999998
CCCCC=O,1.3755,25.588999999999988
OCCC(O)O,-1.3205000000000002,19.928399999999996
CCC(O)CO,-0.25039999999999996,23.383599999999994
OCCCCO,-0.24880000000000008,23.405599999999993
OCCCCO,-0.24880000000000008,23.405599999999993
CCCCCO,1.1689,26.61079999999999
O=C(O)CCCC(O)O,-0.44800000000000006,29.712399999999985
COCCC(C)(C)O,0.7938000000000001,32.79079999999998
NCCCCO,-0.28239999999999993,25.37419999999999
CCCCCC,2.5866000000000007,29.81599999999998
O=C(O)CCCCO,0.23360000000000009,28.572599999999987
OCCCCO,-0.24880000000000008,23.405599999999993
CC1CCC1=O,0.9854,23.40499999999999
O=C(O)C(O)CC(O)O,-1.8673000000000002,26.485199999999992
*CNCCO,-0.9249,19.9555
CCC(O)C(O)CO,-0.8895000000000002,29.39039999999999
CCCC1OC1CC,1.9639,33.859999999999985
OCCCCO,-0.24880000000000008,23.405599999999993
OCCCCO,-0.24880000000000008,23.405599999999993
*CCCCCC,2.534300000000001,28.948999999999984
OCCC(O)O,-1.3205000000000002,19.928399999999996
NCCCCO,-0.2823999999999999,25.374199999999995
O=CC(=O)CCCCO,-0.08299999999999991,32.00779999999999
*CCCCCO,1.1166,25.743799999999986
CCC(=O)C(C)O,0.3462999999999999,26.978799999999985
CCCCCN,1.1353,28.57939999999999
CCCCCCO,1.559,31.22779999999998
O=C(O)CCCO,-0.15650000000000003,23.955599999999993
CCCCCC,2.5866000000000007,29.81599999999998
CCC1OC1=O,0.3218,20.170999999999996
*CCCCCC,2.534300000000001,28.948999999999984
CCC(=O)CO,-0.04219999999999996,22.383799999999994
CCCCCCO,1.559,31.22779999999998
CCC(=O)CO,-0.042200000000000015,22.38379999999999
OCCCCCO,0.14130000000000004,28.022599999999986
CCC(O)CO,-0.25039999999999996,23.383599999999994
*CCCC(O)O,0.04489999999999994,22.26659999999999
*CCCCCO,1.1166,25.743799999999986
O=C(O)CCO,-0.5466,19.3386
CCCC(=O)O,0.8711,22.54379999999999
OCCCCO,-0.24880000000000008,23.405599999999993
CCOCCCO,0.4053,28.195799999999984
CC1OCCOC1=O,-0.05169999999999986,26.37299999999999
CCCCCC,2.5866000000000007,29.81599999999998
*CCC(=O)O,0.4287,17.0598
*CC(O)CN,-0.7264000000000002,19.8682
*CC(C)C(=O)O,0.6747000000000001,21.606799999999993
OCCCCO,-0.24880000000000008,23.405599999999993
CC(O)CCCCCO,0.9198999999999999,37.23459999999999
C=C(O)C(=O)O,0.14269999999999994,19.404600000000002
CC(O)CCCO,0.13970000000000005,28.000599999999988
CC(O)C(=O)O,-0.5482,19.316599999999998
*CCCCCC,2.534300000000001,28.948999999999984
CCCCCN,1.1353000000000002,28.579399999999985
CCCCCO,1.1689,26.61079999999999
COC(=O)C(C)O,-0.4598000000000002,23.696799999999993
OCCCCO,-0.24880000000000008,23.405599999999993
CC(C)CCCO,1.4149,31.15779999999998
OCCCCO,-0.24880000000000008,23.405599999999993
CCCC(N)=O,0.2717999999999996,24.102399999999992
O=CCOC(O)C(F)F,-0.21460000000000007,24.02679999999999
CCC(=O)C(O)C(O)O,-1.3629,29.530399999999986
*CCCCCO,1.1166,25.743799999999986
O=C1CCC(CO)N1,-0.7427000000000004,28.25049999999999
O=C(CCO)NCO,-1.5651999999999995,26.93129999999999
CCC(O)C(C)=O,0.3463,26.978799999999985
CCC(O)CO,-0.25039999999999996,23.383599999999994
O=C(O)CCO,-0.5466,19.3386
CC(O)CCO,-0.25039999999999996,23.383599999999994
OCCCCO,-0.24880000000000008,23.405599999999993
CCCCCO,1.1689,26.61079999999999
CCC(=O)C(O)CC,0.7363999999999999,31.595799999999983
*CCCCC,2.1441999999999997,24.33199999999999
NCC(O)C(N)O,-2.4168999999999996,25.255399999999998
CCOCCC(=O)O,0.49760000000000004,28.74579999999999
CCOCCCCO,0.7953999999999999,32.81279999999998
OCCCCO,-0.24880000000000008,23.405599999999993
CCCCCO,1.1689,26.610799999999987
COC(=O)C(O)O,-1.5299,20.2416
CCCCCC,2.5866000000000007,29.81599999999998
CCCC(C)O,1.1673,26.58879999999999
CCCCCO,1.1689,26.61079999999999
CCCC(=O)O,0.8711,22.54379999999999
O=CNC=O,-1.1112000000000002,15.2637
*CCCCO,0.7264999999999999,21.126799999999996
CCCCCCO,1.559,31.22779999999998
CCCCCO,1.1689,26.61079999999999
COC(=O)CCCCCO,0.7121,37.569799999999994
CCCCCC,2.5866000000000007,29.81599999999998
CCC(=O)CCCF,1.7152,30.506999999999984
CCC(=O)C(C)O,0.3463,26.978799999999985
CC(N)C(C)O,-0.2856000000000001,25.330199999999998
O=CCCCC(=O)O,0.4402000000000001,27.55079999999999
CCCC(=O)O,0.8711,22.54379999999999
OCCC(O)O,-1.3205000000000002,19.928399999999996
O=CCCCO,-0.04219999999999996,22.383799999999994
OCCCCO,-0.24880000000000008,23.405599999999993
*CCCCC,2.1441999999999997,24.33199999999999
CCCCCO,1.1689,26.610799999999987
CC(O)CCO,-0.25039999999999996,23.383599999999994
CC1CC1(O)CO,-0.25039999999999996,25.81659999999999
OCCCCC(O)O,-0.5403000000000002,29.162399999999987
Cn1ccnc1,0.4200999999999999,23.20799999999999
CCCCCCC,2.976700000000002,34.432999999999986
*CC(O)CCCO,0.08739999999999998,27.133599999999987
CCCCC(=O)O,1.2612,27.160799999999988
CCCCCCCC,3.3668000000000022,39.05
O=C(O)CCO,-0.5466,19.3386
CC1CCC1(C)O,1.1673,29.021799999999985
CCCCCC,2.5866000000000007,29.81599999999998
O=CCCCO,-0.04219999999999996,22.383799999999994
O=CCOCCCF,0.5615,27.474999999999987
CCOCOCCO,-0.010700000000000154,29.530799999999985
OCCCCCO,0.14130000000000004,28.022599999999986
CCC(O)CO,-0.25039999999999996,23.383599999999994
CCCCC=O,1.3755,25.588999999999988
CC(CO)CO,-0.3929,23.335599999999996
CCCC(=O)O,0.8711,22.54379999999999
CCC(O)CO,-0.25039999999999996,23.383599999999994
O=CCC(O)CO,-1.0714000000000001,23.773599999999995
CCCCCC=O,1.7656,30.20599999999998
CCC(O)C(O)O,-0.9320000000000002,24.523399999999995
CCCC(C)C,2.442500000000001,29.74599999999998
CC1C(=O)C1C,0.8412999999999999,23.33499999999999
*C1C(C)C1O,0.3348,18.9208
OCCCC(O)O,-0.9304000000000001,24.54539999999999
*CCOCCC,1.3806,25.916999999999987
*C(=O)C(N)CC,-0.20040000000000002,23.273399999999995
*C1(O)CC1C,0.26410000000000006,18.7308
O=C(CO)CO,-1.4599000000000002,19.1786
OCCCCO,-0.24880000000000008,23.405599999999993
*CCCCC(O)O,0.43499999999999994,26.883599999999987
CCC(O)CO,-0.25039999999999996,23.383599999999994
CCCOOCCO,0.3369,29.280799999999985
CCC(C)C(=O)O,1.1171,27.090799999999987
CCCCCO,1.1689,26.61079999999999
CC(C)CCO,1.0248,26.54079999999999
O=C(O)CCCC(O)O,-0.44800000000000006,29.712399999999985
CC(O)C(C)CO,-0.0043999999999999595,27.930599999999988
CCC1CC1(C)O,1.1673,29.021799999999985
OCCCCO,-0.24880000000000008,23.405599999999993
O=CCCCO,-0.04219999999999996,22.383799999999994
CCCOCCO,0.40530000000000005,28.195799999999988
*CCCCN,0.6929000000000001,23.09539999999999
O=C(O)CCO,-0.5466,19.3386
*C(=O)CC(C)CO,0.08080000000000004,25.87379999999999
CCCC(=O)O,0.8711,22.54379999999999
CC(O)C(C)CO,-0.0043999999999999595,27.930599999999988
CC(CO)C(O)C(=O)O,-0.9397,29.892399999999988
CC(=O)NCCO,-0.8852,25.76949999999999
CC(O)C(O)CO,-1.2796,24.77339999999999
O=C(O)CCCO,-0.15650000000000003,23.955599999999993
CCCCC(O)O,0.4872999999999999,27.750599999999988
*CCCCN,0.6929000000000001,23.09539999999999
*CCCCCN,1.0830000000000002,27.712399999999988
OCCCCCO,0.14130000000000004,28.022599999999986
O=COCCCCO,-0.0681,28.335799999999985
CCCCCC,2.5866000000000007,29.81599999999998
CCCCCCO,1.559,31.22779999999998
CCC(O)CO,-0.25039999999999996,23.383599999999994
OCC1OCC1O,-1.2616,22.832599999999992
CC(O)CCCCO,0.5298,32.61759999999998
CCCCCO,1.1689,26.61079999999999
OCCCCO,-0.24880000000000008,23.405599999999993
COC(N)CN,-1.123699999999999,24.038800000000002
CCCCCC=O,1.7656,30.20599999999998
CCCCCN,1.1353,28.57939999999999
O=CCCCO,-0.04219999999999996,22.383799999999994
O=C(O)CCCO,-0.15650000000000003,23.955599999999993
O=C(O)CCO,-0.5466,19.3386
O=C(O)CC(=O)O,-0.4543,19.888599999999997
O=COCCO,-0.8483,19.101799999999997
CCCCCCO,1.559,31.22779999999998
COC(=O)CCCO,-0.0681000000000001,28.335799999999985
CCCCC=O,1.3755,25.588999999999988
O=C(O)CCO,-0.5466,19.3386
CCC(C)CO,1.0248,26.54079999999999
O=C(O)CCCC(=O)CO,-0.19729999999999975,33.57959999999999
CC(=O)CCCO,0.34790000000000004,27.000799999999987
*CCCCO,0.7264999999999999,21.126799999999996
CCCCC(O)O,0.4872999999999999,27.750599999999988
*CCC(C)C,2.0000999999999998,24.26199999999999
O=C(O)CCC(O)O,-0.8381000000000001,25.095399999999994
COCCCO,0.015200000000000047,23.578799999999994
CCCCCC(=O)O,1.6513,31.777799999999985
CCCCCC,2.5866000000000007,29.81599999999998
CC(O)C(=O)O,-0.5482,19.316599999999998
NCCCCCO,0.10770000000000002,29.99119999999999
CCCCCO,1.1689,26.61079999999999
OCC1CC1O,-0.6405000000000001,21.199599999999997
OCCCCCO,0.14130000000000004,28.022599999999986
O=CCCCCO,0.34790000000000004,27.000799999999987
O=CCCCCCF,1.7152,30.506999999999984
O=CCCCO,-0.04219999999999996,22.383799999999994
CCOC(O)CCO,-0.27629999999999993,29.335599999999985
CC(O)C(O)NC(=O)O,-1.0468,28.84809999999999
*CCC(=O)NC,0.09010000000000001,23.490699999999993
OCCCCO,-0.24880000000000008,23.405599999999993
*CCC(C)O,0.7248999999999999,21.104799999999997
COC(O)CC=O,-0.4598,23.696799999999993
CCCCCO,1.1689,26.61079999999999
O=CCCCCO,0.34790000000000004,27.000799999999987
CC(O)C(C)O,-0.252,23.361599999999996
CC1CCCCC1,2.5866000000000007,32.24899999999998
*C(O)CCCC,1.0443,25.531799999999986
NCCCCO,-0.28239999999999993,25.37419999999999
O=CCCCCO,0.3479,27.000799999999987
CCC(O)CO,-0.25039999999999996,23.383599999999994
CCCC(=O)CC,1.7656,30.20599999999998
NC(O)CCO,-1.3541000000000003,21.896999999999995
CC(C)CCO,1.0248,26.54079999999999
*CNCCN,-0.9585000000000004,21.924099999999996
O=COCCO,-0.8483,19.101799999999997
O=CCCCCCO,0.738,31.617799999999985
CCCCCC=O,1.7656,30.20599999999998
CC(O)C(O)CO,-1.2796,24.77339999999999
CCC(=O)C(C)O,0.3463,26.978799999999985
*C(=O)CCCC,1.2525,24.53199999999999
OCCCCO,-0.24880000000000008,23.405599999999993
*CCCCCC,2.534300000000001,28.948999999999984
CCCCC(C)O,1.5574,31.205799999999982
NCCCCO,-0.28239999999999993,25.37419999999999
CCCC(O)O,0.09719999999999995,23.13359999999999
O=CCCC=O,0.1644,21.36199999999999
O=COC(=O)O,-0.16260000000000013,15.1738
CCCCCO,1.1689,26.61079999999999
CCCC(=O)CC,1.7656,30.20599999999998
O=C(O)C(=O)O,-0.8443999999999998,15.2716
NCCCCO,-0.28239999999999993,25.37419999999999
CCC(O)OCC=O,-0.0697000000000001,28.313799999999986
CCC(=O)CCO,0.34790000000000004,27.000799999999987
OC1CCCC1,0.9213,24.474799999999988
CC(O)C(O)OC=O,-1.1414000000000002,24.836599999999994
O=C(O)CCO,-0.5466,19.3386
CCCCCO,1.1689,26.61079999999999
CCCCC(O)O,0.48729999999999996,27.750599999999984
CCCCC(O)O,0.48729999999999996,27.750599999999984
CCC(=O)CC,1.3755,25.588999999999988
*C(O)C(O)OC,-1.1811,19.0226
*CCCCN,0.6929000000000001,23.09539999999999
CCCCO,0.7787999999999999,21.993799999999997
OCCCCO,-0.24880000000000008,23.405599999999993
O=CCCCCO,0.34790000000000004,27.000799999999987
OCCCCO,-0.24880000000000008,23.405599999999993
CCC(O)C(C)O,0.1381,27.97859999999999
CC(O)CCCO,0.13970000000000005,28.000599999999988
O=CCC(=O)O,-0.33999999999999986,18.316799999999997
CCCCCCO,1.559,31.22779999999998
*CC(O)CCO,-0.3027000000000002,22.516599999999993
CC(CO)CO,-0.3929,23.335599999999996
*CCCC(=O)O,0.8188,21.676799999999993
OCC1CC1O,-0.6405000000000001,21.199599999999997
O=C(CF)C(O)CO,-1.1218000000000001,24.074599999999993
CCCCCO,1.1689,26.610799999999987
CCCCCO,1.1689,26.61079999999999
*CCOCCO,-0.03710000000000013,22.71179999999999
*CCCCN,0.6929000000000001,23.09539999999999
OCCCCO,-0.24880000000000008,23.405599999999993
OCCCCCO,0.14130000000000004,28.022599999999986
*C(O)CCC,0.6542,20.914799999999996
CCCCCO,1.1689,26.61079999999999
O=CCCCCCF,1.7152,30.506999999999984
OCCCCO,-0.24880000000000008,23.405599999999993
O=CCCCO,-0.04219999999999996,22.383799999999994
O=CCCCO,-0.04219999999999996,22.383799999999994
CCC(=O)C(C)O,0.3463,26.978799999999985
*CCC(C)C,2.0000999999999998,24.26199999999999
CCCC(=O)O,0.8711,22.54379999999999
CCCCCC=O,1.7656,30.20599999999998
CCC(=O)CO,-0.04219999999999996,22.383799999999994
OCCCCO,-0.24880000000000008,23.405599999999993
CCCCCO,1.1689,26.610799999999987
*CCC(=O)CC,1.3232,24.721999999999987
CCC1OC1CC,1.5737999999999999,29.24299999999998
O=CCCCCO,0.34790000000000004,27.000799999999987
CCC(O)CO,-0.25039999999999996,23.383599999999994
CCC1CC1C,2.0524,27.561999999999987
CC(O)CCCO,0.13970000000000005,28.000599999999988
OCCCCCO,0.14130000000000004,28.022599999999986
*C(=O)CCCCC=O,0.8216,29.538999999999987
CCCCCO,1.1689,26.610799999999987
CCC1CC1C,2.0524,27.561999999999987
NCCCCO,-0.28239999999999993,25.37419999999999
CCCCC(=O)O,1.2612,27.160799999999988
CCCC(=O)CO,0.3479000000000001,27.000799999999987
CCCCC=O,1.3755,25.588999999999988
CCCCCO,1.1689,26.610799999999987
O=CCCCCCO,0.738,31.61779999999998
CCCC(O)O,0.09719999999999995,23.13359999999999
OCCCCO,-0.24880000000000008,23.405599999999993
CCCC(=O)O,0.8711,22.54379999999999
CCCCCO,1.1689,26.610799999999987
*CCCCN,0.6929000000000001,23.09539999999999
CCCCCO,1.1689,26.61079999999999
CCCC(O)O,0.09719999999999995,23.13359999999999
CCCCC=O,1.3755,25.588999999999988
CCCCCO,1.1689,26.61079999999999
*CCCCCC,2.534300000000001,28.948999999999984
*CCC(C)O,0.7248999999999999,21.104799999999997
